"","canada covid19","covid19 cases","covid19 ontario","covid19 news","alberta covid19","covid19 update","covid19 bc","quebec covid19","covid 19 canada","covid19 in canada","covid19 quebec","covid19 in ontario","covid19 symptoms","covid19 cases canada","covid19 toronto","covid19 map","usa covid19","covid19 world","covid19 italy","who covid19","covid 19 ontario","ottawa covid19","us covid19","ontario covid19 cases","covid19 china","coronavirus update","corona virus canada","canada corona virus update","coronavirus update canada","corona virus update ontario","update on corona virus","bc corona virus update","corona virus ontario","corona virus bc","corona virus news","corona virus update in canada","corona virus in canada","corona virus update alberta","corona virus update live","covid update","corona virus world update","covid 19 update","corona virus update world","corona virus update china","corona virus china update","corona virus italy update","corona virus latest update","vancouver corona virus update","corona virus toronto","toronto corona virus update"
"1",0,0,"0",0,"0",0,0,"0",0,0,"0",0,0,0,0,0,0,0,0,0,"0",0,0,0,0,"0","0",0,0,0,0,0,"0","0","0",0,"0",0,0,0,0,0,0,0,0,0,0,0,"0",0
"2",0,0,"0",0,"0",0,0,"0",0,0,"0",0,0,0,0,0,0,0,0,0,"0",0,0,0,0,"0","0",0,0,0,0,0,"0","0","0",0,"0",0,0,0,0,0,0,0,0,0,0,0,"0",0
"3",0,0,"0",0,"0",0,0,"0",0,0,"0",0,0,0,0,0,0,0,0,0,"0",0,0,0,0,"0","0",0,0,0,0,0,"0","0","0",0,"0",0,0,0,0,0,0,0,0,0,0,0,"0",0
"4",0,0,"0",0,"0",0,0,"0",0,0,"0",0,0,0,0,0,0,0,0,0,"0",0,0,0,0,"0","0",0,0,0,0,0,"0","0","0",0,"0",0,0,0,0,0,0,0,0,0,0,0,"0",0
"5",0,0,"0",0,"0",0,0,"0",0,0,"0",0,0,0,0,0,0,0,0,0,"0",0,0,0,0,"0","0",0,0,0,0,0,"0","0","0",0,"0",0,0,0,0,0,0,0,0,0,0,0,"0",0
"6",0,0,"0",0,"0",0,0,"0",0,0,"0",0,0,0,0,0,0,0,0,0,"0",0,0,0,0,"0","0",0,0,0,0,0,"0","0","0",0,"0",0,0,0,0,0,0,0,0,0,0,0,"0",0
"7",0,0,"0",0,"0",0,0,"0",0,0,"0",0,0,0,0,0,0,0,0,0,"0",0,0,0,0,"0","0",0,0,0,0,0,"0","0","0",0,"0",0,0,0,0,0,0,0,0,0,0,0,"0",0
"8",0,0,"0",0,"0",0,0,"0",0,0,"0",0,0,0,0,0,0,0,0,0,"0",0,0,0,0,"0","0",0,0,0,0,0,"0","0","0",0,"0",0,0,0,0,0,0,0,0,0,0,0,"0",0
"9",0,0,"0",0,"0",0,0,"0",0,0,"0",0,0,0,0,0,0,0,0,0,"0",0,0,0,0,"0","0",0,0,0,0,0,"0","2","0",0,"0",0,0,0,0,0,0,0,0,0,0,0,"0",0
"10",0,0,"0",0,"0",0,0,"0",0,0,"0",0,0,0,0,0,0,0,0,0,"0",0,0,0,0,"0","0",0,0,0,0,0,"0","0","0",0,"0",0,0,0,0,0,0,0,0,0,0,0,"0",0
"11",0,0,"0",0,"0",0,0,"0",0,0,"0",0,0,0,0,0,0,0,0,0,"0",0,0,0,0,"0","0",0,0,0,0,0,"0","0","0",0,"0",0,0,0,0,0,0,0,0,0,0,0,"0",0
"12",0,0,"0",0,"0",0,0,"0",0,0,"0",0,0,0,0,0,0,0,0,0,"0",0,0,0,0,"0","0",0,0,0,0,0,"0","0","0",0,"0",0,0,0,0,0,0,0,0,0,0,0,"0",0
"13",0,0,"0",0,"0",0,0,"0",0,0,"0",0,0,0,0,0,0,0,0,0,"0",0,0,0,0,"0","0",0,0,0,0,0,"0","0","0",0,"0",0,0,0,0,0,0,0,0,0,0,0,"0",0
"14",0,0,"0",0,"0",0,0,"0",0,0,"0",0,0,0,0,0,0,0,0,0,"0",0,0,0,0,"0","<1",0,0,0,0,0,"0","0","0",0,"0",0,0,0,0,0,0,0,0,0,0,0,"0",0
"15",0,0,"0",0,"0",0,0,"0",0,0,"0",0,0,0,0,0,0,0,0,0,"0",0,0,0,0,"0","0",0,0,0,0,0,"0","0","0",0,"0",0,0,0,0,0,0,0,0,0,0,0,"0",0
"16",0,0,"0",0,"0",0,0,"0",0,0,"0",0,0,0,0,0,0,0,0,0,"0",0,0,0,0,"0","0",0,0,0,0,0,"0","0","0",0,"0",0,0,0,0,0,0,0,0,0,0,0,"0",0
"17",0,0,"0",0,"0",0,0,"0",0,0,"0",0,0,0,0,0,0,0,0,0,"0",0,0,0,0,"0","0",0,0,0,0,0,"0","0","0",0,"0",0,0,0,0,0,0,0,0,0,0,0,"0",0
"18",0,0,"0",0,"0",0,0,"0",0,0,"0",0,0,0,0,0,0,0,0,0,"0",0,0,0,0,"0","0",0,0,0,0,0,"0","0","0",0,"0",0,0,0,0,0,0,0,0,0,0,0,"0",0
"19",0,0,"0",0,"0",0,0,"0",0,0,"0",0,0,0,0,0,0,0,0,0,"0",0,0,0,0,"0","0",0,0,0,0,0,"0","0","0",0,"0",0,0,0,0,0,0,0,0,0,0,0,"0",0
"20",0,0,"0",0,"0",0,0,"0",0,0,"0",0,0,0,0,0,0,0,0,0,"0",0,0,0,0,"0","0",0,0,0,0,0,"0","0","0",0,"0",0,0,0,0,0,0,0,0,0,0,0,"0",0
"21",0,0,"0",0,"0",0,0,"0",0,0,"0",0,0,0,0,0,0,0,0,0,"0",0,0,0,0,"0","0",0,0,0,0,0,"0","0","0",0,"0",0,0,0,0,0,0,0,0,0,0,0,"0",0
"22",0,0,"0",0,"0",0,0,"0",0,0,"0",0,0,0,0,0,0,0,0,0,"0",0,0,0,0,"0","0",0,0,0,0,0,"0","0","0",0,"0",0,0,0,0,0,0,0,0,0,0,0,"0",0
"23",0,0,"0",0,"0",0,0,"0",0,0,"0",0,0,0,0,0,0,0,0,0,"0",0,0,0,0,"0","0",0,0,0,0,0,"0","0","0",0,"0",0,0,0,0,0,0,0,0,0,0,0,"0",0
"24",0,0,"0",0,"0",0,0,"0",0,0,"0",0,0,0,0,0,0,0,0,0,"0",0,0,0,0,"0","0",0,0,0,0,0,"0","0","0",0,"0",0,0,0,0,0,0,0,0,0,0,0,"0",0
"25",0,0,"0",0,"0",0,0,"0",0,0,"0",0,0,0,0,0,0,0,0,0,"0",0,0,0,0,"0","0",0,0,0,0,0,"0","1","0",0,"0",0,0,0,0,0,0,0,0,0,0,0,"0",0
"26",0,0,"0",0,"0",0,0,"0",0,0,"0",0,0,0,0,0,0,0,0,0,"0",0,0,0,0,"0","0",0,0,0,0,0,"0","0","0",0,"0",0,0,0,0,0,0,0,0,0,0,0,"0",0
"27",0,0,"0",0,"0",0,0,"0",0,0,"0",0,0,0,0,0,0,0,0,0,"0",0,0,0,0,"0","0",0,0,0,0,0,"0","0","0",0,"0",0,0,0,0,0,0,0,0,0,0,0,"0",0
"28",0,0,"0",0,"0",0,0,"0",0,0,"0",0,0,0,0,0,0,0,0,0,"0",0,0,0,0,"0","0",0,0,0,0,0,"0","0","0",0,"0",0,0,0,0,0,0,0,0,0,0,0,"0",0
"29",0,0,"0",0,"0",0,0,"0",0,0,"0",0,0,0,0,0,0,0,0,0,"0",0,0,0,0,"0","0",0,0,0,0,0,"0","0","0",0,"0",0,0,0,0,0,0,0,0,0,0,0,"0",0
"30",0,0,"0",0,"0",0,0,"0",0,0,"0",0,0,0,0,0,0,0,0,0,"0",0,0,0,0,"0","0",0,0,0,0,0,"0","0","0",0,"0",0,0,0,0,0,0,0,0,0,0,0,"0",0
"31",0,0,"0",0,"0",0,0,"0",0,0,"0",0,0,0,0,0,0,0,0,0,"0",0,0,0,0,"0","0",0,0,0,0,0,"0","0","0",0,"0",0,0,0,0,0,0,0,0,0,0,0,"0",0
"32",0,0,"0",0,"0",0,0,"0",0,0,"0",0,0,0,0,0,0,0,0,0,"0",0,0,0,0,"0","0",0,0,0,0,0,"0","0","0",0,"0",0,0,0,0,0,0,0,0,0,0,0,"0",0
"33",0,0,"0",0,"0",0,0,"0",0,0,"0",0,0,0,0,0,0,0,0,0,"0",0,0,0,0,"0","0",0,0,0,0,0,"0","0","0",0,"0",0,0,0,0,0,0,0,0,0,0,0,"0",0
"34",0,0,"0",0,"0",0,0,"0",0,0,"0",0,0,0,0,0,0,0,0,0,"0",0,0,0,0,"0","0",0,0,0,0,0,"0","0","0",0,"0",0,0,0,0,0,0,0,0,0,0,0,"0",0
"35",0,0,"0",0,"0",0,0,"0",0,0,"0",0,0,0,0,0,0,0,0,0,"0",0,0,0,0,"0","0",0,0,0,0,0,"0","0","0",0,"0",0,0,0,0,0,0,0,0,0,0,0,"0",0
"36",0,0,"0",0,"0",0,0,"0",0,0,"0",0,0,0,0,0,0,0,0,0,"0",0,0,0,0,"0","0",0,0,0,0,0,"0","0","0",0,"0",0,0,0,0,0,0,0,0,0,0,0,"0",0
"37",0,0,"0",0,"0",0,0,"0",0,0,"0",0,0,0,0,0,0,0,0,0,"0",0,0,0,0,"0","0",0,0,0,0,0,"0","0","0",0,"0",0,0,0,0,0,0,0,0,0,0,0,"0",0
"38",0,0,"0",0,"0",0,0,"0",0,0,"0",0,0,0,0,0,0,0,0,0,"0",0,0,0,0,"0","0",0,0,0,0,0,"0","0","0",0,"0",0,0,0,0,0,0,0,0,0,0,0,"0",0
"39",0,0,"0",0,"0",0,0,"0",0,0,"0",0,0,0,0,0,0,0,0,0,"0",0,0,0,0,"0","0",0,0,0,0,0,"0","0","0",0,"0",0,0,0,0,0,0,0,0,0,0,0,"0",0
"40",0,0,"0",0,"0",0,0,"0",0,0,"0",0,0,0,0,0,0,0,0,0,"0",0,0,0,0,"0","0",0,0,0,0,0,"0","0","0",0,"0",0,0,0,0,0,0,0,0,0,0,0,"0",0
"41",0,0,"0",0,"0",0,0,"0",0,0,"0",0,0,0,0,0,0,0,0,0,"0",0,0,0,0,"0","0",0,0,0,0,0,"0","0","0",0,"0",0,0,0,0,0,0,0,0,0,0,0,"0",0
"42",0,0,"0",0,"0",0,0,"0",0,0,"0",0,0,0,0,0,0,0,0,0,"0",0,0,0,0,"0","0",0,0,0,0,0,"0","0","0",0,"0",0,0,0,0,0,0,0,0,0,0,0,"0",0
"43",0,0,"0",0,"0",0,0,"0",0,0,"0",0,0,0,0,0,0,0,0,0,"0",0,0,0,0,"0","0",0,0,0,0,0,"0","0","0",0,"0",0,0,0,0,0,0,0,0,0,0,0,"0",0
"44",0,0,"0",0,"0",0,0,"0",0,0,"0",0,0,0,0,0,0,0,0,0,"0",0,0,0,0,"0","0",0,0,0,0,0,"0","0","0",0,"0",0,0,0,0,0,0,0,0,0,0,0,"0",0
"45",0,0,"0",0,"0",0,0,"0",0,0,"0",0,0,0,0,0,0,0,0,0,"0",0,0,0,0,"0","0",0,0,0,0,0,"0","0","0",0,"0",0,0,0,0,0,0,0,0,0,0,0,"0",0
"46",0,0,"0",0,"0",0,0,"0",0,0,"0",0,0,0,0,0,0,0,0,0,"0",0,0,0,0,"0","0",0,0,0,0,0,"0","0","0",0,"0",0,0,0,0,0,0,0,0,0,0,0,"0",0
"47",0,0,"0",0,"0",0,0,"0",0,0,"0",0,0,0,0,0,0,0,0,0,"0",0,0,0,0,"0","0",0,0,0,0,0,"0","0","0",0,"0",0,0,0,0,0,0,0,0,0,0,0,"0",0
"48",0,0,"0",0,"0",0,0,"0",0,0,"0",0,0,0,0,0,0,0,0,0,"0",0,0,0,0,"0","0",0,0,0,0,0,"0","0","0",0,"0",0,0,0,0,0,0,0,0,0,0,0,"0",0
"49",0,0,"0",0,"0",0,0,"0",0,0,"0",0,0,0,0,0,0,0,0,0,"0",0,0,0,0,"0","0",0,0,0,0,0,"0","0","0",0,"0",0,0,0,0,0,0,0,0,0,0,0,"0",0
"50",0,0,"0",0,"0",0,0,"0",0,0,"0",0,0,0,0,0,0,0,0,0,"0",0,0,0,0,"0","0",0,0,0,0,0,"0","0","0",0,"0",0,0,0,0,0,0,0,0,0,0,0,"0",0
"51",0,0,"0",0,"0",0,0,"0",0,0,"0",0,0,0,0,0,0,0,0,0,"0",0,0,0,0,"0","0",0,0,0,0,0,"0","0","0",0,"0",0,0,0,0,0,0,0,0,0,0,0,"0",0
"52",0,0,"0",0,"0",0,0,"0",0,0,"0",0,0,0,0,0,0,0,0,0,"0",0,0,0,0,"0","0",0,0,0,0,0,"0","0","0",0,"0",0,0,0,0,0,0,0,0,0,0,0,"0",0
"53",0,0,"0",0,"0",0,0,"0",0,0,"0",0,0,0,0,0,0,0,0,0,"0",0,0,0,0,"0","0",0,0,0,0,0,"0","0","0",0,"0",0,0,0,0,0,0,0,0,0,0,0,"0",0
"54",0,0,"0",0,"0",0,0,"0",0,0,"0",0,0,0,0,0,0,0,0,0,"0",0,0,0,0,"0","0",0,0,0,0,0,"0","0","0",0,"0",0,0,0,0,0,0,0,0,0,0,0,"0",0
"55",0,0,"0",0,"0",0,0,"0",0,0,"0",0,0,0,0,0,0,0,0,0,"0",0,0,0,0,"0","0",0,0,0,0,0,"0","0","0",0,"0",0,0,0,0,0,0,0,0,0,0,0,"0",0
"56",0,0,"0",0,"0",0,0,"0",0,0,"0",0,0,0,0,0,0,0,0,0,"0",0,0,0,0,"0","0",0,0,0,0,0,"0","0","0",0,"0",0,0,0,0,0,0,0,0,0,0,0,"0",0
"57",0,0,"0",0,"0",0,0,"0",0,0,"0",0,0,0,0,0,0,0,0,0,"0",0,0,0,0,"0","0",0,0,0,0,0,"0","0","0",0,"0",0,0,0,0,0,0,0,0,0,0,0,"0",0
"58",0,0,"0",0,"0",0,0,"0",0,0,"0",0,0,0,0,0,0,0,0,0,"0",0,0,0,0,"0","0",0,0,0,0,0,"0","0","0",0,"0",0,0,0,0,0,0,0,0,0,0,0,"0",0
"59",0,0,"0",0,"0",0,0,"0",0,0,"0",0,0,0,0,0,0,0,0,0,"0",0,0,0,0,"0","0",0,0,0,0,0,"0","0","0",0,"0",0,0,0,0,0,0,0,0,0,0,0,"0",0
"60",0,0,"0",0,"0",0,0,"0",0,0,"0",0,0,0,0,0,0,0,0,0,"0",0,0,0,0,"0","0",0,0,0,0,0,"0","0","0",0,"0",0,0,0,0,0,0,0,0,0,0,0,"0",0
"61",0,0,"0",0,"0",0,0,"0",0,0,"0",0,0,0,0,0,0,0,0,0,"0",0,0,0,0,"0","0",0,0,0,0,0,"0","0","0",0,"0",0,0,0,0,0,0,0,0,0,0,0,"0",0
"62",0,0,"0",0,"0",0,0,"0",0,0,"0",0,0,0,0,0,0,0,0,0,"0",0,0,0,0,"0","0",0,0,0,0,0,"0","0","0",0,"0",0,0,0,0,0,0,0,0,0,0,0,"0",0
"63",0,0,"0",0,"0",0,0,"0",0,0,"0",0,0,0,0,0,0,0,0,0,"0",0,0,0,0,"0","0",0,0,0,0,0,"0","0","0",0,"0",0,0,0,0,0,0,0,0,0,0,0,"0",0
"64",0,0,"0",0,"0",0,0,"0",0,0,"0",0,0,0,0,0,0,0,0,0,"0",0,0,0,0,"0","0",0,0,0,0,0,"0","0","0",0,"0",0,0,0,0,0,0,0,0,0,0,0,"0",0
"65",0,0,"0",0,"0",0,0,"0",0,0,"0",0,0,0,0,0,0,0,0,0,"0",0,0,0,0,"0","0",0,0,0,0,0,"0","0","0",0,"0",0,0,0,0,0,0,0,0,0,0,0,"0",0
"66",0,0,"0",0,"0",0,0,"0",0,0,"0",0,0,0,0,0,0,0,0,0,"0",0,0,0,0,"0","0",0,0,0,0,0,"0","0","0",0,"0",0,0,0,0,0,0,0,0,0,0,0,"0",0
"67",0,0,"0",0,"0",0,0,"0",0,0,"0",0,0,0,0,0,0,0,0,0,"0",0,0,0,0,"0","0",0,0,0,0,0,"0","0","0",0,"0",0,0,0,0,0,0,0,0,0,0,0,"0",0
"68",0,0,"0",0,"0",0,0,"0",0,0,"0",0,0,0,0,0,0,0,0,0,"0",0,0,0,0,"0","0",0,0,0,0,0,"0","0","0",0,"0",0,0,0,0,0,0,0,0,0,0,0,"0",0
"69",0,0,"0",0,"0",0,0,"0",0,0,"0",0,0,0,0,0,0,0,0,0,"0",0,0,0,0,"0","0",0,0,0,0,0,"0","0","0",0,"0",0,0,0,0,0,0,0,0,0,0,0,"0",0
"70",0,0,"0",0,"0",0,0,"0",0,0,"0",0,0,0,0,0,0,0,0,0,"0",0,0,0,0,"0","0",0,0,0,0,0,"0","0","0",0,"0",0,0,0,0,0,0,0,0,0,0,0,"0",0
"71",0,0,"0",0,"0",0,0,"0",0,0,"0",0,0,0,0,0,0,0,0,0,"0",0,0,0,0,"0","0",0,0,0,0,0,"0","0","0",0,"0",0,0,0,0,0,0,0,0,0,0,0,"0",0
"72",0,0,"0",0,"0",0,0,"0",0,0,"0",0,0,0,0,0,0,0,0,0,"0",0,0,0,0,"<1","0",0,0,0,0,0,"0","0","0",0,"0",0,0,0,0,0,0,0,0,0,0,0,"0",0
"73",0,0,"0",0,"0",0,0,"0",0,0,"0",0,0,0,0,0,0,0,0,0,"0",0,0,0,0,"0","0",0,0,0,0,0,"0","0","0",0,"0",0,0,0,0,0,0,0,0,0,0,0,"0",0
"74",0,0,"0",0,"0",0,0,"0",0,0,"0",0,0,0,0,0,0,0,0,0,"0",0,0,0,0,"0","0",0,0,0,0,0,"0","0","0",0,"0",0,0,0,0,0,0,0,0,0,0,0,"0",0
"75",0,0,"0",0,"0",0,0,"0",0,0,"0",0,0,0,0,0,0,0,0,0,"0",0,0,0,0,"0","0",0,0,0,0,0,"0","0","0",0,"0",0,0,0,0,0,0,0,0,0,0,0,"0",0
"76",0,0,"0",0,"0",0,0,"0",0,0,"0",0,0,0,0,0,0,0,0,0,"0",0,0,0,0,"0","0",0,0,0,0,0,"0","0","0",0,"0",0,0,0,0,0,0,0,0,0,0,0,"0",0
"77",0,0,"0",0,"0",0,0,"0",0,0,"0",0,0,0,0,0,0,0,0,0,"0",0,0,0,0,"0","0",0,0,0,0,0,"0","0","0",0,"0",0,0,0,0,0,0,0,0,0,0,0,"0",0
"78",0,0,"0",0,"0",0,0,"0",0,0,"0",0,0,0,0,0,0,0,0,0,"0",0,0,0,0,"0","0",0,0,0,0,0,"0","0","0",0,"0",0,0,0,0,0,0,0,0,0,0,0,"0",0
"79",0,0,"0",0,"0",0,0,"0",0,0,"0",0,0,0,0,0,0,0,0,0,"0",0,0,0,0,"0","0",0,0,0,0,0,"0","0","0",0,"0",0,0,0,0,0,0,0,0,0,0,0,"0",0
"80",0,0,"0",0,"0",0,0,"0",0,0,"0",0,0,0,0,0,0,0,0,0,"0",0,0,0,0,"0","0",0,0,0,0,0,"0","0","0",0,"0",0,0,0,0,0,0,0,0,0,0,0,"0",0
"81",0,0,"0",0,"0",0,0,"0",0,0,"0",0,0,0,0,0,0,0,0,0,"0",0,0,0,0,"0","0",0,0,0,0,0,"0","0","0",0,"0",0,0,0,0,0,0,0,0,0,0,0,"0",0
"82",0,0,"0",0,"0",0,0,"0",0,0,"0",0,0,0,0,0,0,0,0,0,"0",0,0,0,0,"0","0",0,0,0,0,0,"0","0","0",0,"0",0,0,0,0,0,0,0,0,0,0,0,"0",0
"83",0,0,"0",0,"0",0,0,"0",0,0,"0",0,0,0,0,0,0,0,0,0,"0",0,0,0,0,"0","0",0,0,0,0,0,"0","0","0",0,"0",0,0,0,0,0,0,0,0,0,0,0,"0",0
"84",0,0,"0",0,"0",0,0,"0",0,0,"0",0,0,0,0,0,0,0,0,0,"0",0,0,0,0,"0","0",0,0,0,0,0,"0","0","0",0,"0",0,0,0,0,0,0,0,0,0,0,0,"0",0
"85",0,0,"0",0,"0",0,0,"0",0,0,"0",0,0,0,0,0,0,0,0,0,"0",0,0,0,0,"0","0",0,0,0,0,0,"0","0","0",0,"0",0,0,0,0,0,0,0,0,0,0,0,"0",0
"86",0,0,"0",0,"0",0,0,"0",0,0,"0",0,0,0,0,0,0,0,0,0,"0",0,0,0,0,"0","0",0,0,0,0,0,"0","0","0",0,"0",0,0,0,0,0,0,0,0,0,0,0,"0",0
"87",0,0,"0",0,"0",0,0,"0",0,0,"0",0,0,0,0,0,0,0,0,0,"0",0,0,0,0,"0","0",0,0,0,0,0,"0","0","0",0,"0",0,0,0,0,0,0,0,0,0,0,0,"0",0
"88",0,0,"0",0,"0",0,0,"0",0,0,"0",0,0,0,0,0,0,0,0,0,"0",0,0,0,0,"0","0",0,0,0,0,0,"0","0","0",0,"0",0,0,0,0,0,0,0,0,0,0,0,"0",0
"89",0,0,"0",0,"0",0,0,"0",0,0,"0",0,0,0,0,0,0,0,0,0,"0",0,0,0,0,"0","0",0,0,0,0,0,"0","0","0",0,"0",0,0,0,0,0,0,0,0,0,0,0,"0",0
"90",0,0,"0",0,"0",0,0,"0",0,0,"0",0,0,0,0,0,0,0,0,0,"0",0,0,0,0,"0","0",0,0,0,0,0,"0","0","0",0,"0",0,0,0,0,0,0,0,0,0,0,0,"0",0
"91",0,0,"0",0,"0",0,0,"0",0,0,"0",0,0,0,0,0,0,0,0,0,"0",0,0,0,0,"0","0",0,0,0,0,0,"0","0","0",0,"0",0,0,0,0,0,0,0,0,0,0,0,"0",0
"92",0,0,"0",0,"0",0,0,"0",0,0,"0",0,0,0,0,0,0,0,0,0,"0",0,0,0,0,"0","0",0,0,0,0,0,"0","<1","0",0,"0",0,0,0,0,0,0,0,0,0,0,0,"0",0
"93",0,0,"0",0,"0",0,0,"0",0,0,"0",0,0,0,0,0,0,0,0,0,"0",0,0,0,0,"0","0",0,0,0,0,0,"0","0","0",0,"0",0,0,0,0,0,0,0,0,0,0,0,"0",0
"94",0,0,"0",0,"0",0,0,"0",0,0,"0",0,0,0,0,0,0,0,0,0,"0",0,0,0,0,"0","0",0,0,0,0,0,"0","0","0",0,"0",0,0,0,0,0,0,0,0,0,0,0,"0",0
"95",0,0,"0",0,"0",0,0,"0",0,0,"0",0,0,0,0,0,0,0,0,0,"0",0,0,0,0,"0","0",0,0,0,0,0,"0","0","0",0,"0",0,0,0,0,0,0,0,0,0,0,0,"0",0
"96",0,0,"0",0,"0",0,0,"0",0,0,"0",0,0,0,0,0,0,0,0,0,"0",0,0,0,0,"0","0",0,0,0,0,0,"0","0","0",0,"0",0,0,0,0,0,0,0,0,0,0,0,"0",0
"97",0,0,"0",0,"0",0,0,"0",0,0,"0",0,0,0,0,0,0,0,0,0,"0",0,0,0,0,"0","0",0,0,0,0,0,"0","0","0",0,"0",0,0,0,0,0,0,0,0,0,0,0,"0",0
"98",0,0,"0",0,"0",0,0,"0",0,0,"0",0,0,0,0,0,0,0,0,0,"0",0,0,0,0,"0","0",0,0,0,0,0,"0","0","0",0,"0",0,0,0,0,0,0,0,0,0,0,0,"0",0
"99",0,0,"0",0,"0",0,0,"0",0,0,"0",0,0,0,0,0,0,0,0,0,"0",0,0,0,0,"0","0",0,0,0,0,0,"0","0","0",0,"0",0,0,0,0,0,0,0,0,0,0,0,"0",0
"100",0,0,"0",0,"0",0,0,"0",0,0,"0",0,0,0,0,0,0,0,0,0,"0",0,0,0,0,"0","0",0,0,0,0,0,"0","0","0",0,"0",0,0,0,0,0,0,0,0,0,0,0,"0",0
"101",0,0,"0",0,"0",0,0,"0",0,0,"0",0,0,0,0,0,0,0,0,0,"0",0,0,0,0,"0","0",0,0,0,0,0,"0","0","0",0,"0",0,0,0,0,0,0,0,0,0,0,0,"0",0
"102",0,0,"0",0,"0",0,0,"0",0,0,"0",0,0,0,0,0,0,0,0,0,"0",0,0,0,0,"0","0",0,0,0,0,0,"0","0","0",0,"0",0,0,0,0,0,0,0,0,0,0,0,"0",0
"103",0,0,"0",0,"0",0,0,"0",0,0,"0",0,0,0,0,0,0,0,0,0,"0",0,0,0,0,"0","0",0,0,0,0,0,"0","0","0",0,"0",0,0,0,0,0,0,0,0,0,0,0,"0",0
"104",0,0,"0",0,"0",0,0,"0",0,0,"0",0,0,0,0,0,0,0,0,0,"0",0,0,0,0,"0","0",0,0,0,0,0,"0","0","0",0,"0",0,0,0,0,0,0,0,0,0,0,0,"0",0
"105",0,0,"0",0,"0",0,0,"0",0,0,"0",0,0,0,0,0,0,0,0,0,"0",0,0,0,0,"0","0",0,0,0,0,0,"<1","0","0",0,"0",0,0,0,0,0,0,0,0,0,0,0,"0",0
"106",0,0,"0",0,"0",0,0,"0",0,0,"0",0,0,0,0,0,0,0,0,0,"0",0,0,0,0,"0","0",0,0,0,0,0,"0","0","0",0,"0",0,0,0,0,0,0,0,0,0,0,0,"0",0
"107",0,0,"0",0,"0",0,0,"0",0,0,"0",0,0,0,0,0,0,0,0,0,"0",0,0,0,0,"0","0",0,0,0,0,0,"0","0","0",0,"0",0,0,0,0,0,0,0,0,0,0,0,"0",0
"108",0,0,"0",0,"0",0,0,"0",0,0,"0",0,0,0,0,0,0,0,0,0,"0",0,0,0,0,"0","0",0,0,0,0,0,"0","0","0",0,"0",0,0,0,0,0,0,0,0,0,0,0,"0",0
"109",0,0,"0",0,"0",0,0,"0",0,0,"0",0,0,0,0,0,0,0,0,0,"0",0,0,0,0,"0","0",0,0,0,0,0,"0","0","0",0,"0",0,0,0,0,0,0,0,0,0,0,0,"0",0
"110",0,0,"0",0,"0",0,0,"0",0,0,"0",0,0,0,0,0,0,0,0,0,"0",0,0,0,0,"0","0",0,0,0,0,0,"0","0","0",0,"0",0,0,0,0,0,0,0,0,0,0,0,"<1",0
"111",0,0,"0",0,"0",0,0,"0",0,0,"0",0,0,0,0,0,0,0,0,0,"0",0,0,0,0,"0","0",0,0,0,0,0,"0","<1","0",0,"0",0,0,0,0,0,0,0,0,0,0,0,"0",0
"112",0,0,"0",0,"0",0,0,"0",0,0,"0",0,0,0,0,0,0,0,0,0,"0",0,0,0,0,"0","0",0,0,0,0,0,"0","0","0",0,"0",0,0,0,0,0,0,0,0,0,0,0,"0",0
"113",0,0,"0",0,"0",0,0,"0",0,0,"0",0,0,0,0,0,0,0,0,0,"0",0,0,0,0,"0","0",0,0,0,0,0,"0","0","<1",0,"0",0,0,0,0,0,0,0,0,0,0,0,"0",0
"114",0,0,"0",0,"0",0,0,"0",0,0,"0",0,0,0,0,0,0,0,0,0,"0",0,0,0,0,"<1","0",0,0,0,0,0,"0","0","0",0,"0",0,0,0,0,0,0,0,0,0,0,0,"0",0
"115",0,0,"0",0,"0",0,0,"0",0,0,"0",0,0,0,0,0,0,0,0,0,"0",0,0,0,0,"0","0",0,0,0,0,0,"0","0","0",0,"0",0,0,0,0,0,0,0,0,0,0,0,"0",0
"116",0,0,"0",0,"0",0,0,"0",0,0,"0",0,0,0,0,0,0,0,0,0,"0",0,0,0,0,"0","0",0,0,0,0,0,"0","0","0",0,"0",0,0,0,0,0,0,0,0,0,0,0,"0",0
"117",0,0,"0",0,"0",0,0,"0",0,0,"0",0,0,0,0,0,0,0,0,0,"0",0,0,0,0,"0","0",0,0,0,0,0,"0","0","0",0,"0",0,0,0,0,0,0,0,0,0,0,0,"0",0
"118",0,0,"0",0,"0",0,0,"0",0,0,"0",0,0,0,0,0,0,0,0,0,"0",0,0,0,0,"0","0",0,0,0,0,0,"0","0","0",0,"0",0,0,0,0,0,0,0,0,0,0,0,"0",0
"119",0,0,"0",0,"0",0,0,"0",0,0,"0",0,0,0,0,0,0,0,0,0,"0",0,0,0,0,"0","0",0,0,0,0,0,"0","0","0",0,"0",0,0,0,0,0,0,0,0,0,0,0,"0",0
"120",0,0,"0",0,"0",0,0,"0",0,0,"0",0,0,0,0,0,0,0,0,0,"0",0,0,0,0,"0","0",0,0,0,0,0,"0","0","0",0,"0",0,0,0,0,0,0,0,0,0,0,0,"0",0
"121",0,0,"0",0,"0",0,0,"0",0,0,"0",0,0,0,0,0,0,0,0,0,"0",0,0,0,0,"0","0",0,0,0,0,0,"0","0","0",0,"0",0,0,0,0,0,0,0,0,0,0,0,"0",0
"122",0,0,"0",0,"0",0,0,"0",0,0,"0",0,0,0,0,0,0,0,0,0,"0",0,0,0,0,"0","0",0,0,0,0,0,"0","0","0",0,"0",0,0,0,0,0,0,0,0,0,0,0,"0",0
"123",0,0,"0",0,"0",0,0,"0",0,0,"0",0,0,0,0,0,0,0,0,0,"0",0,0,0,0,"0","0",0,0,0,0,0,"0","0","0",0,"0",0,0,0,0,0,0,0,0,0,0,0,"0",0
"124",0,0,"0",0,"0",0,0,"0",0,0,"0",0,0,0,0,0,0,0,0,0,"0",0,0,0,0,"0","0",0,0,0,0,0,"0","0","0",0,"0",0,0,0,0,0,0,0,0,0,0,0,"0",0
"125",0,0,"0",0,"0",0,0,"0",0,0,"0",0,0,0,0,0,0,0,0,0,"0",0,0,0,0,"0","0",0,0,0,0,0,"0","0","0",0,"<1",0,0,0,0,0,0,0,0,0,0,0,"0",0
"126",0,0,"0",0,"0",0,0,"0",0,0,"0",0,0,0,0,0,0,0,0,0,"0",0,0,0,0,"0","0",0,0,0,0,0,"0","0","0",0,"0",0,0,0,0,0,0,0,0,0,0,0,"0",0
"127",0,0,"0",0,"0",0,0,"0",0,0,"0",0,0,0,0,0,0,0,0,0,"0",0,0,0,0,"0","0",0,0,0,0,0,"0","0","0",0,"0",0,0,0,0,0,0,0,0,0,0,0,"0",0
"128",0,0,"0",0,"0",0,0,"0",0,0,"0",0,0,0,0,0,0,0,0,0,"0",0,0,0,0,"0","<1",0,0,0,0,0,"0","0","0",0,"0",0,0,0,0,0,0,0,0,0,0,0,"0",0
"129",0,0,"0",0,"0",0,0,"0",0,0,"0",0,0,0,0,0,0,0,0,0,"0",0,0,0,0,"0","0",0,0,0,0,0,"0","0","<1",0,"0",0,0,0,0,0,0,0,0,0,0,0,"0",0
"130",0,0,"0",0,"0",0,0,"0",0,0,"0",0,0,0,0,0,0,0,0,0,"0",0,0,0,0,"<1","0",0,0,0,0,0,"0","0","0",0,"0",0,0,0,0,0,0,0,0,0,0,0,"0",0
"131",0,0,"0",0,"0",0,0,"0",0,0,"0",0,0,0,0,0,0,0,0,0,"0",0,0,0,0,"0","0",0,0,0,0,0,"0","0","0",0,"0",0,0,0,0,0,0,0,0,0,0,0,"0",0
"132",0,0,"0",0,"0",0,0,"0",0,0,"0",0,0,0,0,0,0,0,0,0,"0",0,0,0,0,"0","0",0,0,0,0,0,"0","0","0",0,"<1",0,0,0,0,0,0,0,0,0,0,0,"0",0
"133",0,0,"0",0,"0",0,0,"0",0,0,"0",0,0,0,0,0,0,0,0,0,"0",0,0,0,0,"0","0",0,0,0,0,0,"0","0","0",0,"0",0,0,0,0,0,0,0,0,0,0,0,"0",0
"134",0,0,"0",0,"0",0,0,"0",0,0,"0",0,0,0,0,0,0,0,0,0,"0",0,0,0,0,"0","0",0,0,0,0,0,"0","0","0",0,"0",0,0,0,0,0,0,0,0,0,0,0,"0",0
"135",0,0,"0",0,"0",0,0,"0",0,0,"0",0,0,0,0,0,0,0,0,0,"0",0,0,0,0,"0","0",0,0,0,0,0,"0","0","0",0,"0",0,0,0,0,0,0,0,0,0,0,0,"0",0
"136",0,0,"0",0,"0",0,0,"0",0,0,"0",0,0,0,0,0,0,0,0,0,"0",0,0,0,0,"0","0",0,0,0,0,0,"0","0","0",0,"0",0,0,0,0,0,0,0,0,0,0,0,"0",0
"137",0,0,"0",0,"0",0,0,"0",0,0,"0",0,0,0,0,0,0,0,0,0,"0",0,0,0,0,"0","0",0,0,0,0,0,"0","0","0",0,"0",0,0,0,0,0,0,0,0,0,0,0,"0",0
"138",0,0,"0",0,"0",0,0,"0",0,0,"0",0,0,0,0,0,0,0,0,0,"0",0,0,0,0,"0","0",0,0,0,0,0,"0","0","0",0,"0",0,0,0,0,0,0,0,0,0,0,0,"0",0
"139",0,0,"0",0,"0",0,0,"0",0,0,"0",0,0,0,0,0,0,0,0,0,"0",0,0,0,0,"0","0",0,0,0,0,0,"0","0","0",0,"0",0,0,0,0,0,0,0,0,0,0,0,"0",0
"140",0,0,"0",0,"0",0,0,"0",0,0,"0",0,0,0,0,0,0,0,0,0,"0",0,0,0,0,"0","0",0,0,0,0,0,"0","0","<1",0,"0",0,0,0,0,0,0,0,0,0,0,0,"0",0
"141",0,0,"0",0,"0",0,0,"0",0,0,"0",0,0,0,0,0,0,0,0,0,"0",0,0,0,0,"0","0",0,0,0,0,0,"0","0","0",0,"0",0,0,0,0,0,0,0,0,0,0,0,"0",0
"142",0,0,"0",0,"0",0,0,"0",0,0,"0",0,0,0,0,0,0,0,0,0,"0",0,0,0,0,"0","0",0,0,0,0,0,"0","0","0",0,"<1",0,0,0,0,0,0,0,0,0,0,0,"0",0
"143",0,0,"0",0,"0",0,0,"0",0,0,"0",0,0,0,0,0,0,0,0,0,"0",0,0,0,0,"0","0",0,0,0,0,0,"0","0","0",0,"0",0,0,0,0,0,0,0,0,0,0,0,"0",0
"144",0,0,"0",0,"0",0,0,"0",0,0,"0",0,0,0,0,0,0,0,0,0,"0",0,0,0,0,"0","0",0,0,0,0,0,"0","0","0",0,"<1",0,0,0,0,0,0,0,0,0,0,0,"0",0
"145",0,0,"0",0,"0",0,0,"0",0,0,"0",0,0,0,0,0,0,0,0,0,"0",0,0,0,0,"0","0",0,0,0,0,0,"0","0","0",0,"0",0,0,0,0,0,0,0,0,0,0,0,"0",0
"146",0,0,"0",0,"0",0,0,"0",0,0,"0",0,0,0,0,0,0,0,0,0,"0",0,0,0,0,"0","0",0,0,0,0,0,"0","0","0",0,"0",0,0,0,0,0,0,0,0,0,0,0,"0",0
"147",0,0,"0",0,"0",0,0,"0",0,0,"0",0,0,0,0,0,0,0,0,0,"0",0,0,0,0,"0","0",0,0,0,0,0,"0","0","0",0,"0",0,0,0,0,0,0,0,0,0,0,0,"0",0
"148",0,0,"0",0,"0",0,0,"0",0,0,"0",0,0,0,0,0,0,0,0,0,"0",0,0,0,0,"0","0",0,0,0,0,0,"0","0","0",0,"0",0,0,0,0,0,0,0,0,0,0,0,"0",0
"149",0,0,"0",0,"0",0,0,"0",0,0,"0",0,0,0,0,0,0,0,0,0,"0",0,0,0,0,"0","0",0,0,0,0,0,"0","0","0",0,"0",0,0,0,0,0,0,0,0,0,0,0,"0",0
"150",0,0,"0",0,"0",0,0,"0",0,0,"0",0,0,0,0,0,0,0,0,0,"0",0,0,0,0,"0","0",0,0,0,0,0,"0","0","0",0,"0",0,0,0,0,0,0,0,0,0,0,0,"0",0
"151",0,0,"0",0,"0",0,0,"0",0,0,"0",0,0,0,0,0,0,0,0,0,"0",0,0,0,0,"0","0",0,0,0,0,0,"0","0","0",0,"0",0,0,0,0,0,0,0,0,0,0,0,"0",0
"152",0,0,"0",0,"0",0,0,"0",0,0,"0",0,0,0,0,0,0,0,0,0,"0",0,0,0,0,"0","0",0,0,0,0,0,"0","0","0",0,"0",0,0,0,0,0,0,0,0,0,0,0,"0",0
"153",0,0,"0",0,"0",0,0,"0",0,0,"0",0,0,0,0,0,0,0,0,0,"0",0,0,0,0,"0","0",0,0,0,0,0,"0","0","0",0,"0",0,0,0,0,0,0,0,0,0,0,0,"0",0
"154",0,0,"0",0,"0",0,0,"0",0,0,"0",0,0,0,0,0,0,0,0,0,"0",0,0,0,0,"0","0",0,0,0,0,0,"0","0","0",0,"0",0,0,0,0,0,0,0,0,0,0,0,"0",0
"155",0,0,"0",0,"0",0,0,"0",0,0,"0",0,0,0,0,0,0,0,0,0,"0",0,0,0,0,"0","0",0,0,0,0,0,"0","0","0",0,"0",0,0,0,0,0,0,0,0,0,0,0,"0",0
"156",0,0,"0",0,"0",0,0,"0",0,0,"0",0,0,0,0,0,0,0,0,0,"0",0,0,0,0,"0","0",0,0,0,0,0,"0","0","0",0,"0",0,0,0,0,0,0,0,0,0,0,0,"0",0
"157",0,0,"0",0,"0",0,0,"0",0,0,"0",0,0,0,0,0,0,0,0,0,"0",0,0,0,0,"0","0",0,0,0,0,0,"0","0","0",0,"0",0,0,0,0,0,0,0,0,0,0,0,"0",0
"158",0,0,"0",0,"0",0,0,"0",0,0,"0",0,0,0,0,0,0,0,0,0,"0",0,0,0,0,"0","0",0,0,0,0,0,"0","0","0",0,"0",0,0,0,0,0,0,0,0,0,0,0,"<1",0
"159",0,0,"0",0,"0",0,0,"0",0,0,"0",0,0,0,0,0,0,0,0,0,"0",0,0,0,0,"0","0",0,0,0,0,0,"0","0","0",0,"0",0,0,0,0,0,0,0,0,0,0,0,"0",0
"160",0,0,"0",0,"0",0,0,"0",0,0,"0",0,0,0,0,0,0,0,0,0,"0",0,0,0,0,"0","0",0,0,0,0,0,"0","0","0",0,"0",0,0,0,0,0,0,0,0,0,0,0,"0",0
"161",0,0,"0",0,"0",0,0,"0",0,0,"0",0,0,0,0,0,0,0,0,0,"0",0,0,0,0,"0","0",0,0,0,0,0,"0","0","0",0,"0",0,0,0,0,0,0,0,0,0,0,0,"0",0
"162",0,0,"0",0,"0",0,0,"0",0,0,"0",0,0,0,0,0,0,0,0,0,"0",0,0,0,0,"0","0",0,0,0,0,0,"0","0","0",0,"0",0,0,0,0,0,0,0,0,0,0,0,"0",0
"163",0,0,"0",0,"0",0,0,"0",0,0,"0",0,0,0,0,0,0,0,0,0,"0",0,0,0,0,"0","0",0,0,0,0,0,"0","0","0",0,"0",0,0,0,0,0,0,0,0,0,0,0,"0",0
"164",0,0,"0",0,"0",0,0,"0",0,0,"0",0,0,0,0,0,0,0,0,0,"0",0,0,0,0,"0","0",0,0,0,0,0,"0","0","0",0,"0",0,0,0,0,0,0,0,0,0,0,0,"0",0
"165",0,0,"0",0,"0",0,0,"0",0,0,"0",0,0,0,0,0,0,0,0,0,"0",0,0,0,0,"0","0",0,0,0,0,0,"0","0","0",0,"0",0,0,0,0,0,0,0,0,0,0,0,"0",0
"166",0,0,"0",0,"0",0,0,"0",0,0,"0",0,0,0,0,0,0,0,0,0,"0",0,0,0,0,"0","0",0,0,0,0,0,"0","0","0",0,"0",0,0,0,0,0,0,0,0,0,0,0,"0",0
"167",0,0,"0",0,"0",0,0,"0",0,0,"0",0,0,0,0,0,0,0,0,0,"0",0,0,0,0,"0","0",0,0,0,0,0,"0","0","0",0,"0",0,0,0,0,0,0,0,0,0,0,0,"0",0
"168",0,0,"0",0,"0",0,0,"0",0,0,"0",0,0,0,0,0,0,0,0,0,"0",0,0,0,0,"0","0",0,0,0,0,0,"0","0","0",0,"0",0,0,0,0,0,0,0,0,0,0,0,"<1",0
"169",0,0,"0",0,"0",0,0,"0",0,0,"0",0,0,0,0,0,0,0,0,0,"0",0,0,0,0,"0","0",0,0,0,0,0,"0","0","0",0,"0",0,0,0,0,0,0,0,0,0,0,0,"0",0
"170",0,0,"0",0,"0",0,0,"0",0,0,"0",0,0,0,0,0,0,0,0,0,"0",0,0,0,0,"0","0",0,0,0,0,0,"0","0","0",0,"0",0,0,0,0,0,0,0,0,0,0,0,"0",0
"171",0,0,"0",0,"0",0,0,"0",0,0,"0",0,0,0,0,0,0,0,0,0,"0",0,0,0,0,"0","0",0,0,0,0,0,"0","0","0",0,"0",0,0,0,0,0,0,0,0,0,0,0,"0",0
"172",0,0,"0",0,"0",0,0,"0",0,0,"0",0,0,0,0,0,0,0,0,0,"0",0,0,0,0,"0","0",0,0,0,0,0,"0","0","0",0,"0",0,0,0,0,0,0,0,0,0,0,0,"0",0
"173",0,0,"0",0,"0",0,0,"0",0,0,"0",0,0,0,0,0,0,0,0,0,"0",0,0,0,0,"0","0",0,0,0,0,0,"<1","0","0",0,"0",0,0,0,0,0,0,0,0,0,0,0,"0",0
"174",0,0,"0",0,"0",0,0,"0",0,0,"0",0,0,0,0,0,0,0,0,0,"0",0,0,0,0,"0","0",0,0,0,0,0,"0","0","0",0,"0",0,0,0,0,0,0,0,0,0,0,0,"0",0
"175",0,0,"0",0,"0",0,0,"0",0,0,"0",0,0,0,0,0,0,0,0,0,"0",0,0,0,0,"0","0",0,0,0,0,0,"0","0","0",0,"0",0,0,0,0,0,0,0,0,0,0,0,"0",0
"176",0,0,"0",0,"0",0,0,"0",0,0,"0",0,0,0,0,0,0,0,0,0,"0",0,0,0,0,"0","0",0,0,0,0,0,"0","0","0",0,"0",0,0,0,0,0,0,0,0,0,0,0,"0",0
"177",0,0,"0",0,"0",0,0,"0",0,0,"0",0,0,0,0,0,0,0,0,0,"0",0,0,0,0,"0","0",0,0,0,0,0,"0","0","0",0,"0",0,0,0,0,0,0,0,0,0,0,0,"0",0
"178",0,0,"0",0,"0",0,0,"0",0,0,"0",0,0,0,0,0,0,0,0,0,"0",0,0,0,0,"0","0",0,0,0,0,0,"0","0","0",0,"0",0,0,0,0,0,0,0,0,0,0,0,"0",0
"179",0,0,"0",0,"0",0,0,"0",0,0,"0",0,0,0,0,0,0,0,0,0,"0",0,0,0,0,"0","0",0,0,0,0,0,"0","0","0",0,"0",0,0,0,0,0,0,0,0,0,0,0,"0",0
"180",0,0,"0",0,"0",0,0,"0",0,0,"0",0,0,0,0,0,0,0,0,0,"0",0,0,0,0,"0","0",0,0,0,0,0,"0","0","0",0,"0",0,0,0,0,0,0,0,0,0,0,0,"0",0
"181",0,0,"0",0,"0",0,0,"0",0,0,"0",0,0,0,0,0,0,0,0,0,"0",0,0,0,0,"0","0",0,0,0,0,0,"0","0","0",0,"0",0,0,0,0,0,0,0,0,0,0,0,"0",0
"182",0,0,"0",0,"0",0,0,"0",0,0,"0",0,0,0,0,0,0,0,0,0,"0",0,0,0,0,"0","0",0,0,0,0,0,"0","0","0",0,"0",0,0,0,0,0,0,0,0,0,0,0,"0",0
"183",0,0,"0",0,"0",0,0,"0",0,0,"0",0,0,0,0,0,0,0,0,0,"0",0,0,0,0,"0","0",0,0,0,0,0,"0","0","0",0,"0",0,0,0,0,0,0,0,0,0,0,0,"0",0
"184",0,0,"0",0,"0",0,0,"0",0,0,"0",0,0,0,0,0,0,0,0,0,"0",0,0,0,0,"0","0",0,0,0,0,0,"0","0","0",0,"0",0,0,0,0,0,0,0,0,0,0,0,"0",0
"185",0,0,"0",0,"0",0,0,"0",0,0,"0",0,0,0,0,0,0,0,0,0,"0",0,0,0,0,"0","0",0,0,0,0,0,"0","0","0",0,"0",0,0,0,0,0,0,0,0,0,0,0,"0",0
"186",0,0,"0",0,"0",0,0,"0",0,0,"0",0,0,0,0,0,0,0,0,0,"0",0,0,0,0,"0","0",0,0,0,0,0,"0","0","0",0,"0",0,0,0,0,0,0,0,0,0,0,0,"0",0
"187",0,0,"0",0,"0",0,0,"0",0,0,"0",0,0,0,0,0,0,0,0,0,"0",0,0,0,0,"0","0",0,0,0,0,0,"0","0","0",0,"0",0,0,0,0,0,0,0,0,0,0,0,"0",0
"188",0,0,"0",0,"0",0,0,"0",0,0,"0",0,0,0,0,0,0,0,0,0,"0",0,0,0,0,"0","0",0,0,0,0,0,"0","0","0",0,"0",0,0,0,0,0,0,0,0,0,0,0,"0",0
"189",0,0,"0",0,"0",0,0,"0",0,0,"0",0,0,0,0,0,0,0,0,0,"0",0,0,0,0,"0","0",0,0,0,0,0,"0","0","0",0,"0",0,0,0,0,0,0,0,0,0,0,0,"0",0
"190",0,0,"0",0,"0",0,0,"0",0,0,"0",0,0,0,0,0,0,0,0,0,"0",0,0,0,0,"0","0",0,0,0,0,0,"0","0","0",0,"0",0,0,0,0,0,0,0,0,0,0,0,"0",0
"191",0,0,"0",0,"0",0,0,"0",0,0,"0",0,0,0,0,0,0,0,0,0,"0",0,0,0,0,"0","0",0,0,0,0,0,"0","0","0",0,"0",0,0,0,0,0,0,0,0,0,0,0,"0",0
"192",0,0,"0",0,"0",0,0,"0",0,0,"0",0,0,0,0,0,0,0,0,0,"0",0,0,0,0,"0","0",0,0,0,0,0,"0","0","0",0,"0",0,0,0,0,0,0,0,0,0,0,0,"0",0
"193",0,0,"0",0,"0",0,0,"0",0,0,"0",0,0,0,0,0,0,0,0,0,"0",0,0,0,0,"3","7",12,3,2,8,3,"3","6","7",5,"7",1,7,0,5,0,5,12,19,0,2,19,"26",26
"194",2,2,"<1",3,"<1",1,1,"<1",1,2,"<1",1,4,3,1,5,1,2,5,5,"<1",1,1,1,5,"13","14",21,10,10,32,6,"7","12","26",19,"16",2,14,1,15,1,15,44,57,17,14,21,"23",30
"195",100,93,"96",100,"100",100,100,"86",76,91,"86",78,100,100,97,100,53,62,100,100,"75",100,93,100,100,"100","100",100,100,100,100,100,"100","100","100",100,"100",100,100,69,88,72,88,100,100,100,100,100,"100",100
"196",97,100,"100",96,"90",79,95,"100",100,100,"100",100,49,92,100,83,100,100,61,61,"100",98,100,99,94,"77","50",48,61,74,59,83,"55","61","54",34,"52",66,70,100,100,100,100,25,28,58,28,51,"27",38
